排名,电影名,描述,评分,总评论数
1,肖申克的救赎,导演: 弗兰克·德拉邦特 Frank Darabont   主演: 蒂姆·罗宾斯 Tim Robbins /...                            1994 / 美国 / 犯罪 剧情,9.6,904086人评价
2,霸王别姬,导演: 陈凯歌 Kaige Chen   主演: 张国荣 Leslie Cheung / 张丰毅 Fengyi Zha...                            1993 / 中国大陆 香港 / 剧情 爱情 同性,9.5,651670人评价
3,这个杀手不太冷,导演: 吕克·贝松 Luc Besson   主演: 让·雷诺 Jean Reno / 娜塔莉·波特曼 ...                            1994 / 法国 / 剧情 动作 犯罪,9.4,860607人评价
4,阿甘正传,导演: Robert Zemeckis   主演: Tom Hanks / Robin Wright Penn / Gary Sinise                            1994 / 美国 / 剧情 爱情,9.4,732292人评价
5,美丽人生,导演: 罗伯托·贝尼尼 Roberto Benigni   主演: 罗伯托·贝尼尼 Roberto Beni...                            1997 / 意大利 / 剧情 喜剧 爱情 战争,9.5,427609人评价
6,千与千寻,导演: 宫崎骏 Hayao Miyazaki   主演: 柊瑠美 Rumi Hîragi / 入野自由 Miy...                            2001 / 日本 / 剧情 动画 奇幻,9.2,683052人评价
7,辛德勒的名单,导演: 史蒂文·斯皮尔伯格 Steven Spielberg   主演: 连姆·尼森 Liam Neeson...                            1993 / 美国 / 剧情 历史 战争,9.4,393353人评价
8,泰坦尼克号,导演: 詹姆斯·卡梅隆 James Cameron   主演: 莱昂纳多·迪卡普里奥 Leonardo...                            1997 / 美国 / 剧情 爱情 灾难,9.2,673567人评价
9,盗梦空间,导演: 克里斯托弗·诺兰 Christopher Nolan   主演: 莱昂纳多·迪卡普里奥 Le...                            2010 / 美国 英国 / 剧情 动作 科幻 悬疑 冒险,9.2,782834人评价
10,机器人总动员,导演: 安德鲁·斯坦顿 Andrew Stanton   主演: 本·贝尔特 Ben Burtt / 艾丽...                            2008 / 美国 / 喜剧 爱情 科幻 动画 冒险,9.3,510868人评价
11,海上钢琴师,导演: 朱塞佩·托纳多雷 Giuseppe Tornatore   主演: 蒂姆·罗斯 Tim Roth / ...                            1998 / 意大利 / 剧情 音乐,9.2,612514人评价
12,三傻大闹宝莱坞,导演: 拉库马·希拉尼 Rajkumar Hirani   主演: 阿米尔·汗 Aamir Khan / 卡...                            2009 / 印度 / 剧情 喜剧 爱情 歌舞,9.1,692609人评价
13,忠犬八公的故事,导演: 莱塞·霍尔斯道姆 Lasse Hallström   主演: 理查·基尔 Richard Ger...                            2009 / 美国 英国 / 剧情,9.2,470023人评价
14,放牛班的春天,导演: 克里斯托夫·巴拉蒂 Christophe Barratier   主演: 杰拉尔·朱诺 Géra...                            2004 / 法国 瑞士 德国 / 剧情 音乐,9.2,465268人评价
15,大话西游之大圣娶亲,导演: 刘镇伟 Jeffrey Lau   主演: 周星驰 Stephen Chow / 吴孟达 Man Tat Ng...                            1995 / 香港 中国大陆 / 动作 冒险 喜剧 奇幻 爱情,9.2,503058人评价
16,教父,导演: 弗朗西斯·福特·科波拉 Francis Ford Coppola   主演: 马龙·白兰度 M...                            1972 / 美国 / 剧情 犯罪,9.2,352739人评价
17,龙猫,导演: 宫崎骏 Hayao Miyazaki   主演: 日高法子 Noriko Hidaka / 坂本千夏 Ch...                            1988 / 日本 / 儿童 动画 奇幻 家庭,9.1,429433人评价
18,楚门的世界,导演: 彼得·威尔 Peter Weir   主演: 金·凯瑞 Jim Carrey / 劳拉·琳妮 Lau...                            1998 / 美国 / 剧情 科幻,9.1,470371人评价
19,乱世佳人,导演: 维克多·弗莱明 Victor Fleming / 乔治·库克 George Cukor   主演: 托...                            1939 / 美国 / 剧情 历史 爱情 战争,9.2,277235人评价
20,天堂电影院,导演: 朱塞佩·托纳多雷 Giuseppe Tornatore   主演: 安东娜拉·塔莉 Antonel...                            1988 / 意大利 法国 / 剧情 爱情,9.1,316186人评价
21,触不可及,导演: 奥利维·那卡什 Olivier Nakache / 艾力克·托兰达 Eric Toledano   主...                            2011 / 法国 / 剧情 喜剧,9.1,375302人评价
22,当幸福来敲门,导演: 加布里尔·穆奇诺 Gabriele Muccino   主演: 威尔·史密斯 Will Smith ...                            2006 / 美国 / 剧情 传记 家庭,8.9,552511人评价
23,熔炉,导演: 黄东赫 Dong-hyuk Hwang   主演: 孔侑 Yoo Gong / 郑有美 Yu-mi Jeong ...                            2011 / 韩国 / 剧情,9.2,262800人评价
24,无间道,导演: 刘伟强 / 麦兆辉   主演: 刘德华 / 梁朝伟 / 黄秋生                            2002 / 香港 / 剧情 犯罪 悬疑,9.0,411169人评价
25,搏击俱乐部,导演: 大卫·芬奇 David Fincher   主演: 爱德华·诺顿 Edward Norton / 布拉...                            1999 / 美国 德国 / 剧情 动作 悬疑 惊悚,9.0,411495人评价
26,十二怒汉,导演: Sidney Lumet   主演: 亨利·方达 Henry Fonda / 马丁·鲍尔萨姆 Marti...                            1957 / 美国 / 剧情,9.4,175767人评价
27,星际穿越,导演: 克里斯托弗·诺兰 Christopher Nolan   主演: 马修·麦康纳 Matthew Mc...                            2014 / 美国 英国 加拿大 冰岛 / 剧情 科幻 冒险,9.1,498870人评价
28,怦然心动,导演: 罗伯·莱纳 Rob Reiner   主演: 玛德琳·卡罗尔 Madeline Carroll / 卡...                            2010 / 美国 / 剧情 喜剧 爱情,8.9,563518人评价
29,指环王3：王者无敌,导演: 彼得·杰克逊 Peter Jackson   主演: 维果·莫腾森 Viggo Mortensen / ...                            2003 / 美国 新西兰 / 剧情 动作 奇幻 冒险,9.1,290662人评价
30,少年派的奇幻漂流,导演: 李安 Ang Lee   主演: 苏拉·沙玛 Suraj Sharma / 拉菲·斯波 Rafe Spa...                            2012 / 美国 台湾 英国 加拿大 / 剧情 奇幻 冒险,9.0,590858人评价
31,天空之城,导演: 宫崎骏 Hayao Miyazaki   主演: 田中真弓 Mayumi Tanaka / 横泽启子 Ke...                            1986 / 日本 / 动画 奇幻 冒险,9.0,340132人评价
32,鬼子来了,导演: 姜文 Wen Jiang   主演: 姜文 Wen Jiang / 香川照之 Teruyuki Kagawa /...                            2000 / 中国大陆 / 剧情 战争,9.2,234478人评价
33,蝙蝠侠：黑暗骑士,导演: 克里斯托弗·诺兰 Christopher Nolan   主演: 克里斯蒂安·贝尔 Christ...                            2008 / 美国 英国 / 剧情 动作 科幻 犯罪 惊悚,9.0,329272人评价
34,罗马假日,导演: 威廉·惠勒 William Wyler   主演: 奥黛丽·赫本 Audrey Hepburn / 格...                            1953 / 美国 / 喜剧 剧情 爱情,8.9,393531人评价
35,活着,导演: 张艺谋 Yimou Zhang   主演: 葛优 You Ge / 巩俐 Li Gong / 姜武 Wu Jiang                            1994 / 中国大陆 香港 / 剧情 历史 家庭,9.1,274380人评价
36,大话西游之月光宝盒,导演: 刘镇伟 Jeffrey Lau   主演: 周星驰 Stephen Chow / 吴孟达 Man Tat Ng...                            1995 / 香港 中国大陆 / 喜剧 动作 爱情 奇幻 冒险 古装,8.9,406132人评价
37,两杆大烟枪,导演: Guy Ritchie   主演: Jason Flemyng / Dexter Fletcher / Nick Moran                            1998 / 英国 / 剧情 喜剧 犯罪,9.0,278252人评价
38,飞屋环游记,导演: 彼特·道格特 Pete Docter / 鲍勃·彼德森 Bob Peterson   主演: 爱德...                            2009 / 美国 / 剧情 喜剧 动画 冒险,8.9,506661人评价
39,窃听风暴,导演: 弗洛里安·亨克尔·冯·多纳斯马 Florian Henckel von Donnersmarck   ...                            2006 / 德国 / 剧情 悬疑,9.1,227547人评价
40,飞越疯人院,导演: 米洛斯·福尔曼 Miloš Forman   主演: 杰克·尼科尔森 Jack Nichols...                            1975 / 美国 / 剧情,9.0,282005人评价
41,海豚湾,导演: Louie Psihoyos   主演: John Chisholm / Mandy-Rae Cruikshank / Char...                            2009 / 美国 / 纪录片,9.3,184247人评价
42,闻香识女人,导演: 马丁·布莱斯 Martin Brest   主演: 阿尔·帕西诺 Al Pacino / 克里斯...                            1992 / 美国 / 剧情,8.9,327250人评价
43,V字仇杀队,导演: 詹姆斯·麦克特格 James McTeigue   主演: 娜塔莉·波特曼 Natalie Por...                            2005 / 美国 英国 德国 / 剧情 动作 科幻 惊悚,8.8,423624人评价
44,哈尔的移动城堡,导演: 宫崎骏 Hayao Miyazaki   主演: 倍赏千惠子 Chieko Baishô / 木村拓...                            2004 / 日本 / 爱情 动画 奇幻 冒险,8.9,355332人评价
45,控方证人,导演: 比利·怀尔德 Billy Wilder   主演: 查尔斯·劳顿 Charles Laughton / ...                            1957 / 美国 / 剧情 犯罪 悬疑,9.6,90947人评价
46,教父2,导演: 弗朗西斯·福特·科波拉 Francis Ford Coppola   主演: 阿尔·帕西诺 A...                            1974 / 美国 / 剧情 犯罪,9.1,189931人评价
47,美丽心灵,导演: 朗·霍华德 Ron Howard   主演: 罗素·克劳 Russell Crowe / 詹妮弗·...                            2001 / 美国 / 传记 剧情,8.9,309079人评价
48,指环王2：双塔奇兵,导演: 彼得·杰克逊 Peter Jackson   主演: 伊利亚·伍德 Elijah Wood / 西恩...                            2002 / 美国 新西兰 / 剧情 动作 奇幻 冒险,8.9,274088人评价
49,死亡诗社,导演: 彼得·威尔 Peter Weir   主演: 罗宾·威廉姆斯 Robin Williams / 罗伯...                            1989 / 美国 / 剧情,8.9,282008人评价
50,指环王1：魔戒再现,导演: 彼得·杰克逊 Peter Jackson   主演: 伊利亚·伍德 Elijah Wood / 西恩...                            2001 / 新西兰 美国 / 剧情 动作 奇幻 冒险,8.9,306396人评价
51,情书,导演: 岩井俊二 Shunji Iwai   主演: 中山美穗 Miho Nakayama / 丰川悦司 Ets...                            1995 / 日本 / 剧情 爱情,8.8,380042人评价
52,辩护人,导演: 杨宇硕 Woo-seok Yang   主演: 宋康昊 Kang-ho Song / 吴达洙 Dal-su O...                            2013 / 韩国 / 剧情,9.1,207772人评价
53,天使爱美丽,导演: 让-皮埃尔·热内 Jean-Pierre Jeunet   主演: 奥黛丽·塔图 Audrey Tau...                            2001 / 法国 德国 / 喜剧 爱情,8.7,487099人评价
54,美国往事,导演: 赛尔乔·莱翁内 Sergio Leone   主演: 罗伯特·德尼罗 Robert De Niro ...                            1984 / 意大利 美国 / 犯罪 剧情,9.1,177104人评价
55,饮食男女,导演: 李安 Ang Lee   主演: 吴倩莲 Chien-lien Wu / 杨贵媚 Kuei-Mei Yang /...                            1994 / 台湾 美国 / 剧情 家庭,9.0,200680人评价
56,钢琴家,导演: 罗曼·波兰斯基 Roman Polanski   主演: 艾德里安·布洛迪 Adrien Brod...                            2002 / 法国 德国 英国 波兰 / 剧情 传记 历史 战争,9.0,204897人评价
57,疯狂动物城,导演: 拜伦·霍华德 Byron Howard / 瑞奇·摩尔 Rich Moore   主演: 金妮弗·...                            2016 / 美国 / 喜剧 动画 冒险,9.2,503194人评价
58,狮子王,导演: Roger Allers / 罗伯·明可夫 Rob Minkoff   主演: 乔纳森·泰勒·托马...                            1994 / 美国 / 剧情 动画 冒险 歌舞 家庭,8.9,284356人评价
59,七宗罪,导演: 大卫·芬奇 David Fincher   主演: 摩根·弗里曼 Morgan Freeman / 布...                            1995 / 美国 / 剧情 犯罪 悬疑 惊悚,8.7,439397人评价
60,被嫌弃的松子的一生,导演: 中岛哲也 Tetsuya Nakashima   主演: 中谷美纪 Miki Nakatani / 瑛太 E...                            2006 / 日本 / 剧情 歌舞,8.9,286056人评价
61,致命魔术,导演: 克里斯托弗·诺兰 Christopher Nolan   主演: 克里斯蒂安·贝尔 Christ...                            2006 / 美国 英国 / 剧情 悬疑 惊悚,8.8,346827人评价
62,小鞋子,导演: 马基德·马基迪 Majid Majidi   主演: Amir Farrokh Hashemian / 默罕...                            1997 / 伊朗 / 剧情 家庭 儿童,9.2,138152人评价
63,勇敢的心,导演: 梅尔·吉布森 Mel Gibson   主演: 梅尔·吉布森 Mel Gibson / 苏菲·玛...                            1995 / 美国 / 动作 传记 剧情 历史 战争,8.8,297406人评价
64,剪刀手爱德华,导演: Tim Burton   主演: 约翰尼·德普 Johnny Depp / 薇诺娜·瑞德 Winona ...                            1990 / 美国 / 剧情 奇幻 爱情,8.7,487342人评价
65,音乐之声,导演: Robert Wise   主演: 朱丽·安德鲁斯 Julie Andrews / 克里斯托弗·普...                            1965 / 美国 / 剧情 爱情 歌舞 家庭 传记,8.9,233412人评价
66,低俗小说,导演: 昆汀·塔伦蒂诺 Quentin Tarantino   主演: 约翰·特拉沃尔塔 John Tra...                            1994 / 美国 / 剧情 喜剧 犯罪,8.8,336738人评价
67,素媛,导演: 李濬益 Jun-ik Lee   主演: 薛景求 Kyung-gu Sol / 严志媛 Ji-won Uhm ...                            2013 / 韩国 / 剧情 犯罪 家庭,9.1,178780人评价
68,本杰明·巴顿奇事,导演: 大卫·芬奇 David Fincher   主演: 凯特·布兰切特 Cate Blanchett / ...                            2008 / 美国 / 剧情 爱情 奇幻,8.7,395841人评价
69,黑客帝国,导演: 安迪·沃卓斯基 Andy Wachowski / 拉娜·沃卓斯基 Lana Wachowski   主...                            1999 / 美国 澳大利亚 / 动作 科幻,8.8,282438人评价
70,沉默的羔羊,导演: 乔纳森·戴米 Jonathan Demme   主演: 朱迪·福斯特 Jodie Foster / 安...                            1991 / 美国 / 剧情 犯罪 惊悚,8.7,355117人评价
71,入殓师,导演: 泷田洋二郎 Yôjirô Takita   主演: 本木雅弘 Masahiro Motoki / ...                            2008 / 日本 / 剧情,8.8,320227人评价
72,拯救大兵瑞恩,导演: 史蒂文·斯皮尔伯格 Steven Spielberg   主演: 汤姆·汉克斯 Tom Hanks...                            1998 / 美国 / 剧情 历史 战争,8.9,238630人评价
73,西西里的美丽传说,导演: 朱塞佩·托纳多雷 Giuseppe Tornatore   主演: 莫妮卡·贝鲁奇 Monica ...                            2000 / 意大利 美国 / 剧情 战争 情色,8.7,349495人评价
74,玛丽和马克思,导演: 亚当·艾略特 Adam Elliot   主演: 托妮·科莱特 Toni Collette / 菲利...                            2009 / 澳大利亚 / 剧情 动画,8.9,232990人评价
75,蝴蝶效应,导演: 埃里克·布雷斯 Eric Bress / J·麦基·格鲁伯 J. Mackye Gruber   主...                            2004 / 美国 加拿大 / 剧情 悬疑 科幻 惊悚,8.7,383125人评价
76,春光乍泄,导演: 王家卫 Kar Wai Wong   主演: 张国荣 Leslie Cheung / 梁朝伟 Tony Leu...                            1997 / 香港 日本 韩国 / 剧情 爱情 同性,8.8,246465人评价
77,让子弹飞,导演: 姜文 Wen Jiang   主演: 姜文 Wen Jiang / 葛优 You Ge / 周润发 Yun-F...                            2010 / 中国大陆 香港 / 剧情 喜剧 动作 西部,8.7,623910人评价
78,心灵捕手,导演: 格斯·范·桑特 Gus Van Sant   主演: 马特·达蒙 Matt Damon / 罗宾·...                            1997 / 美国 / 剧情,8.7,271107人评价
79,大闹天宫,导演: 万籁鸣 Laiming Wan / 唐澄 Cheng  Tang   主演: 邱岳峰 Yuefeng Qiu /...                            1961 / 1964 / 1978 / 2004 / 中国大陆 / 动画 奇幻,9.2,98630人评价
80,幽灵公主,导演: 宫崎骏 Hayao Miyazaki   主演: 松田洋治 Yôji Matsuda / 石田百合...                            1997 / 日本 / 动作 爱情 战争 动画 奇幻 冒险,8.8,234962人评价
81,阳光灿烂的日子,导演: 姜文 Wen Jiang   主演: 夏雨 Yu Xia / 宁静 Jing Ning / 陶虹 Hong Tao                            1994 / 中国大陆 香港 / 剧情,8.7,270330人评价
82,第六感,导演: M·奈特·沙马兰 M. Night Shyamalan   主演: 布鲁斯·威利斯 Bruce Wi...                            1999 / 美国 / 剧情 悬疑 惊悚,8.8,235275人评价
83,重庆森林,导演: 王家卫 Kar Wai Wong   主演: 林青霞 Brigitte Lin / 金城武 Takeshi K...                            1994 / 香港 / 剧情 爱情,8.6,329803人评价
84,大鱼,导演: 蒂姆·波顿 Tim Burton   主演: 伊万·麦克格雷格 Ewan McGregor / 阿...                            2003 / 美国 / 剧情 家庭 奇幻 冒险,8.7,252372人评价
85,射雕英雄传之东成西就,导演: 刘镇伟 Jeffrey Lau   主演: 梁朝伟 Tony Leung Chiu Wai / 林青霞 Bri...                            1993 / 香港 / 喜剧 古装,8.7,275954人评价
86,禁闭岛,导演: Martin Scorsese   主演: 莱昂纳多·迪卡普里奥 Leonardo DiCaprio / ...                            2010 / 美国 / 剧情 悬疑 惊悚,8.6,358834人评价
87,甜蜜蜜,导演: 陈可辛 Peter Chan   主演: 黎明 Leon Lai / 张曼玉 Maggie Cheung / ...                            1996 / 香港 / 剧情 爱情,8.7,232396人评价
88,阳光姐妹淘,导演: 姜炯哲 Hyeong-Cheol Kang   主演: 沈恩京 Eun-kyung Shim / 闵孝琳 Hy...                            2011 / 韩国 / 剧情 喜剧,8.8,267986人评价
89,上帝之城,导演: Kátia Lund / Fernando Meirelles   主演: Alexandre Rodrigues / Lea...                            2002 / 巴西 法国 / 犯罪 剧情,8.9,158030人评价
90,一一,导演: 杨德昌 Edward Yang   主演: 吴念真 / 李凯莉 Kelly Lee / 金燕玲 Elai...                            2000 / 台湾 日本 / 剧情 爱情 家庭,8.9,155707人评价
91,致命ID,导演: James Mangold   主演: John Cusack / Ray Liotta / Amanda Peet                            2003 / 美国 / 剧情 悬疑 惊悚,8.6,317831人评价
92,狩猎,导演: 托马斯·温特伯格 Thomas Vinterberg   主演: 麦斯·米科尔森 Mads Mik...                            2012 / 丹麦 瑞典 / 剧情,9.0,126738人评价
93,告白,导演: 中岛哲也 Tetsuya Nakashima   主演: 松隆子 Takako Matsu / 冈田将生 ...                            2010 / 日本 / 剧情 惊悚,8.7,341623人评价
94,末代皇帝,导演: 贝纳尔多·贝托鲁奇 Bernardo Bertolucci   主演: 尊龙 John Lone / 陈...                            1987 / 意大利 中国大陆 英国 法国 / 剧情 传记 历史,8.9,164089人评价
95,布达佩斯大饭店,导演: 韦斯·安德森 Wes Anderson   主演: 拉尔夫·费因斯 Ralph Fiennes / ...                            2014 / 美国 德国 英国 / 剧情 喜剧,8.7,307028人评价
96,加勒比海盗,导演: 戈尔·维宾斯基 Gore Verbinski   主演: 约翰尼·德普 Johnny Depp / ...                            2003 / 美国 / 动作 冒险 奇幻,8.6,342133人评价
97,断背山,导演: 李安 Ang Lee   主演: 希斯·莱杰 Heath Ledger / 杰克·吉伦哈尔 Jake...                            2005 / 美国 加拿大 / 剧情 爱情 同性 家庭,8.6,317053人评价
98,爱在黎明破晓前,导演: 理查德·林克莱特 Richard Linklater   主演: 伊桑·霍克 Ethan Hawke ...                            1995 / 美国 奥地利 瑞士 / 剧情 爱情,8.7,218932人评价
99,摩登时代,导演: 查理·卓别林 Charles Chaplin   主演: 查理·卓别林 Charles Chaplin ...                            1936 / 美国 / 喜剧 剧情 爱情,9.2,87631人评价
100,猫鼠游戏,导演: 史蒂文·斯皮尔伯格 Steven Spielberg   主演: 莱昂纳多·迪卡普里奥 L...                            2002 / 美国 加拿大 / 传记 犯罪 剧情,8.7,221647人评价
101,阿凡达,导演: 詹姆斯·卡梅隆 James Cameron   主演: 萨姆·沃辛顿 Sam Worthington ...                            2009 / 美国 英国 / 动作 冒险 奇幻 科幻,8.6,526276人评价
102,哈利·波特与魔法石,导演: Chris Columbus   主演: Daniel Radcliffe / Emma Watson / Rupert Grint                            2001 / 美国 英国 / 奇幻 冒险,8.7,251252人评价
103,风之谷,导演: 宫崎骏 Hayao Miyazaki   主演: 岛本须美 Sumi Shimamoto / 松田洋治 Y...                            1984 / 日本 / 科幻 动画 奇幻 冒险,8.8,175111人评价
104,看不见的客人,导演: 奥里奥尔·保罗 Oriol Paulo   主演: 马里奥·卡萨斯 Mario Casas / 阿...                            2016 / 西班牙 / 犯罪 悬疑 惊悚,8.7,255631人评价
105,爱在日落黄昏时,导演: 理查德·林克莱特 Richard Linklater   主演: 伊桑·霍克 Ethan Hawke ...                            2004 / 美国 / 剧情 爱情,8.7,197300人评价
106,穿条纹睡衣的男孩,导演: 马克·赫门 Mark Herman   主演: 阿沙·巴特菲尔德 Asa Butterfield / ...                            2008 / 英国 美国 / 剧情 战争,8.9,142052人评价
107,侧耳倾听,导演: 近藤喜文 Yoshifumi Kondo   主演: 本名阳子 Youko Honna / 小林桂树 K...                            1995 / 日本 / 剧情 爱情 动画 音乐,8.8,166703人评价
108,萤火虫之墓,导演: 高畑勋 Isao Takahata   主演: 辰己努 / 白石绫乃 / 志乃原良子                            1988 / 日本 / 动画 剧情 战争,8.7,202318人评价
109,消失的爱人,导演: 大卫·芬奇 David Fincher   主演: 本·阿弗莱克 Ben Affleck / 罗莎蒙...                            2014 / 美国 / 剧情 犯罪 悬疑 惊悚,8.7,350648人评价
110,超脱,导演: 托尼·凯耶 Tony Kaye   主演: 艾德里安·布洛迪 Adrien Brody / 马西...                            2011 / 美国 / 剧情,8.8,171039人评价
111,驯龙高手,导演: 迪恩·德布洛斯 Dean DeBlois / 克里斯·桑德斯 Chris Sanders   主演:...                            2010 / 美国 / 喜剧 动画 奇幻 冒险 家庭,8.7,281868人评价
112,菊次郎的夏天,导演: 北野武 Takeshi Kitano   主演: 北野武 Takeshi Kitano / 关口雄介 Yus...                            1999 / 日本 / 剧情 喜剧,8.7,179598人评价
113,倩女幽魂,导演: 程小东 Siu-Tung Ching   主演: 张国荣 Leslie Cheung / 王祖贤 Joey W...                            1987 / 香港 / 剧情 爱情 武侠 古装,8.6,246667人评价
114,恐怖直播,导演: 金秉祐 Byeong-woo Kim   主演: 河正宇 Jung-woo Ha / 李璟荣 Kyeong-y...                            2013 / 韩国 / 剧情 犯罪 悬疑,8.7,215832人评价
115,幸福终点站,导演: 史蒂文·斯皮尔伯格 Steven Spielberg   主演: 汤姆·汉克斯 Tom Hanks...                            2004 / 美国 / 喜剧 剧情 爱情,8.6,223355人评价
116,海洋,导演: 雅克·贝汉 Jacques Perrin / 雅克·克鲁奥德 Jacques Cluzaud   主演:...                            2009 / 法国 瑞士 西班牙 美国 阿联酋 / 纪录片,9.0,98555人评价
117,红辣椒,导演: 今敏 Satoshi Kon   主演: 林原惠美 Megumi Hayashibara / 古谷彻 T...                            2006 / 日本 / 动画 悬疑 科幻 惊悚,8.9,131033人评价
118,七武士,导演: 黑泽明 Akira Kurosawa   主演: 三船敏郎 Toshirô Mifune / 志村乔 ...                            1954 / 日本 / 动作 冒险 剧情,9.2,76519人评价
119,岁月神偷,导演: 罗启锐 Alex Law   主演: 吴君如 Sandra Ng / 任达华 Simon Yam / 钟绍...                            2010 / 香港 中国大陆 / 剧情 家庭,8.6,304661人评价
120,神偷奶爸,导演: 皮艾尔·柯芬 Pierre Coffin / 克里斯·雷纳德 Chris Renaud   主演: ...                            2010 / 美国 法国 / 喜剧 动画 冒险,8.5,370480人评价
121,借东西的小人阿莉埃蒂,导演: 米林宏昌 Hiromasa Yonebayashi   主演: 志田未来 Mirai Shida / 神木...                            2010 / 日本 / 动画 奇幻 冒险,8.7,213862人评价
122,电锯惊魂,导演: 詹姆斯·温 James Wan   主演: 雷·沃纳尔 Leigh Whannell / 加利·艾...                            2004 / 美国 / 悬疑 惊悚 恐怖,8.7,196917人评价
123,谍影重重3,导演: 保罗·格林格拉斯 Paul Greengrass   主演: 马特·达蒙 Matt Damon / ...                            2007 / 美国 德国 / 动作 悬疑 惊悚,8.7,178801人评价
124,杀人回忆,导演: 奉俊昊 Joon-ho Bong   主演: 宋康昊 Kang-ho Song / 金相庆 Sang-kyun...                            2003 / 韩国 / 犯罪 剧情 悬疑 惊悚,8.6,207216人评价
125,真爱至上,导演: 理查德·柯蒂斯 Richard Curtis   主演: 休·格兰特 Hugh Grant / 柯林...                            2003 / 英国 美国 法国 / 喜剧 剧情 爱情,8.5,305025人评价
126,贫民窟的百万富翁,导演: 丹尼·鲍尔 Danny Boyle / 洛芙琳·坦丹 Loveleen Tandan   主演: 戴夫...                            2008 / 英国 美国 / 剧情 爱情,8.5,392667人评价
127,雨人,导演: 巴瑞·莱文森 Barry Levinson   主演: 达斯汀·霍夫曼 Dustin Hoffman ...                            1988 / 美国 / 剧情,8.6,208095人评价
128,燃情岁月,导演: 爱德华·兹威克 Edward Zwick   主演: 安东尼·霍普金斯 Anthony Hopki...                            1994 / 美国 / 剧情 爱情 西部 家庭,8.7,147813人评价
129,东邪西毒,导演: 王家卫 Kar Wai Wong   主演: 张国荣 Leslie Cheung / 张曼玉 Maggie C...                            1994 / 香港 台湾 / 剧情 动作 爱情 武侠 古装,8.6,246672人评价
130,记忆碎片,导演: 克里斯托弗·诺兰 Christopher Nolan   主演: 盖·皮尔斯 Guy Pearce /...                            2000 / 美国 / 犯罪 剧情 悬疑 惊悚,8.5,276179人评价
131,虎口脱险,导演: 杰拉尔·乌里 Gérard Oury   主演: 路易·德·菲耐斯 Louis de Funès...                            1966 / 法国 英国 / 喜剧 战争,8.9,106094人评价
132,喜宴,导演: 李安   主演: 赵文瑄 / 归亚蕾 / 金素梅                            1993 / 台湾 美国 / 剧情 喜剧 爱情 同性 家庭,8.8,137218人评价
133,疯狂原始人,导演: 科克·德·米科 Kirk De Micco / 克里斯·桑德斯 Chris Sanders   主演...                            2013 / 美国 / 喜剧 动画 冒险,8.7,365468人评价
134,小森林 夏秋篇,导演: 森淳一 Junichi Mori   主演: 桥本爱 Ai Hashimoto / 三浦贵大 Takahir...                            2014 / 日本 / 剧情,8.9,125605人评价
135,怪兽电力公司,导演: 彼特·道格特 Pete Docter / 大卫·斯沃曼 David Silverman   主演: 约...                            2001 / 美国 / 喜剧 动画 儿童 奇幻,8.6,235410人评价
136,喜剧之王,导演: 周星驰 Stephen Chow / 李力持 Lik-Chi Lee   主演: 周星驰 Stephen Ch...                            1999 / 香港 / 喜剧 剧情 爱情,8.5,306329人评价
137,卢旺达饭店,导演: 特瑞·乔治 Terry George   主演: 唐·钱德尔 Don Cheadle / 苏菲·奥...                            2004 / 英国 南非 意大利 美国 / 剧情 历史 战争,8.8,117505人评价
138,黑天鹅,导演: 达伦·阿罗诺夫斯基 Darren Aronofsky   主演: 娜塔丽·波曼 Natalie P...                            2010 / 美国 / 剧情 惊悚,8.5,411601人评价
139,猜火车,导演: 丹尼·博伊尔 Danny Boyle   主演: 伊万·麦克格雷格 Ewan McGregor / ...                            1996 / 英国 / 犯罪 剧情,8.5,245990人评价
140,穿越时空的少女,导演: 细田守 Mamoru Hosoda   主演: 仲里依纱 Riisa Naka / 石田卓也 Takuya...                            2006 / 日本 / 剧情 爱情 科幻 动画,8.6,183028人评价
141,魂断蓝桥,导演: Mervyn LeRoy   主演: Vivien Leigh / Robert Taylor / Lucile Watson                            1940 / 美国 / 剧情 战争 爱情,8.8,127741人评价
142,恋恋笔记本,导演: 尼克·卡索维茨 Nick Cassavetes   主演: 瑞恩·高斯林 Ryan Gosling /...                            2004 / 美国 / 剧情 爱情,8.5,276871人评价
143,雨中曲,导演: Stanley Donen / Gene Kelly   主演: Gene Kelly / Donald O'Connor / ...                            1952 / 美国 / 喜剧 歌舞 爱情,8.9,91877人评价
144,傲慢与偏见,导演: 乔·怀特 Joe Wright   主演: 凯拉·奈特莉 Keira Knightley / 马修·...                            2005 / 法国 英国 美国 / 剧情 爱情,8.4,295943人评价
145,教父3,导演: 弗朗西斯·福特·科波拉 Francis Ford Coppola   主演: 阿尔·帕西诺 A...                            1990 / 美国 / 剧情 犯罪,8.7,127374人评价
146,完美的世界,导演: 克林特·伊斯特伍德 Clint Eastwood   主演: 凯文·科斯特纳 Kevin Cos...                            1993 / 美国 / 剧情 犯罪,9.0,78107人评价
147,纵横四海,导演: 吴宇森 John Woo   主演: 周润发 Yun-Fat Chow / 张国荣 Leslie Cheung...                            1991 / 香港 / 剧情 喜剧 动作 犯罪,8.7,141150人评价
148,英雄本色,导演: 吴宇森 John Woo   主演: 周润发 Yun-Fat Chow / 狄龙 Lung Ti / 张国...                            1986 / 香港 / 动作 犯罪,8.6,148224人评价
149,萤火之森,导演: 大森贵弘 Takahiro Omori   主演: 佐仓绫音 Ayane Sakura / 内山昂辉 K...                            2011 / 日本 / 剧情 爱情 动画 奇幻,8.7,153046人评价
150,玩具总动员3,导演: 李·昂克里奇 Lee Unkrich   主演: 汤姆·汉克斯 Tom Hanks / 蒂姆·艾...                            2010 / 美国 / 喜剧 动画 奇幻 冒险,8.8,188668人评价
151,哈利·波特与死亡圣器(下),导演: 大卫·叶茨 David Yates   主演: 丹尼尔·雷德克里夫 Daniel Radcliffe...                            2011 / 美国 英国 / 剧情 悬疑 奇幻 冒险,8.6,267865人评价
152,花样年华,导演: 王家卫 Kar Wai Wong   主演: 梁朝伟 Tony Leung Chiu Wai / 张曼玉 Ma...                            2000 / 香港 法国 / 剧情 爱情,8.5,241888人评价
153,7号房的礼物,导演: 李焕庆 Hwan-kyeong Lee   主演: 柳承龙 Seung-yong Ryoo / 朴信惠 Shi...                            2013 / 韩国 / 剧情 喜剧 家庭,8.7,169872人评价
154,二十二,导演: 郭柯 Ke Guo   主演:                             2015 / 中国大陆 / 纪录片,8.8,82726人评价
155,我是山姆,导演: 杰茜·尼尔森 Jessie Nelson   主演: Sean Penn / Dakota Fanning / Mi...                            2001 / 美国 / 剧情 家庭,8.8,100748人评价
156,人工智能,导演: 史蒂文·斯皮尔伯格 Steven Spielberg   主演: 海利·乔·奥斯蒙 Haley...                            2001 / 美国 / 冒险 剧情 科幻,8.6,186534人评价
157,海边的曼彻斯特,导演: 肯尼斯·罗纳根 Kenneth Lonergan   主演: 卡西·阿弗莱克 Casey Affle...                            2016 / 美国 / 剧情 家庭,8.6,163422人评价
158,浪潮,导演: 丹尼斯·甘塞尔 Dennis Gansel   主演: 尤尔根·沃格尔 Jürgen Vogel ...                            2008 / 德国 / 剧情 惊悚,8.7,129479人评价
159,荒蛮故事,导演: 达米安·斯兹弗隆 Damián Szifron   主演: 达里奥·葛兰帝内提 Darío...                            2014 / 阿根廷 西班牙 / 剧情 喜剧 犯罪,8.7,131412人评价
160,香水,导演: 汤姆·提克威 Tom Tykwer   主演: 本·卫肖 Ben Whishaw / 艾伦·瑞克...                            2006 / 德国 法国 西班牙 美国 / 剧情 犯罪 奇幻,8.4,270997人评价
161,冰川时代,导演: 卡洛斯·沙尔丹哈 Carlos Saldanha / 克里斯·韦奇 Chris Wedge   主演...                            2002 / 美国 / 喜剧 动画 冒险,8.4,264785人评价
162,朗读者,导演: 史蒂芬·戴德利 Stephen Daldry   主演: 凯特·温丝莱特 Kate Winslet ...                            2008 / 美国 德国 / 剧情 爱情,8.5,274040人评价
163,追随,导演: 克里斯托弗·诺兰 Christopher Nolan   主演: 杰里米·西奥伯德 Jeremy...                            1998 / 英国 / 犯罪 悬疑 惊悚,8.9,80243人评价
164,撞车,导演: 保罗·哈吉斯 Paul Haggis   主演: 桑德拉·布洛克 Sandra Bullock / ...                            2004 / 美国 德国 / 犯罪 剧情,8.6,171446人评价
165,小森林 冬春篇,导演: 森淳一 Junichi Mori   主演: 桥本爱 Ai Hashimoto / 三浦贵大 Takahir...                            2015 / 日本 / 剧情,8.9,107822人评价
166,时空恋旅人,导演: 理查德·柯蒂斯 Richard Curtis   主演: 多姆纳尔·格利森 Domhnall Gl...                            2013 / 英国 / 剧情 爱情 奇幻,8.6,192584人评价
167,唐伯虎点秋香,导演: 李力持 Lik-Chi Lee   主演: 周星驰 Stephen Chow / 巩俐 Li Gong / 陈...                            1993 / 香港 / 喜剧 爱情 古装,8.4,313812人评价
168,罗生门,导演: 黑泽明 Akira Kurosawa   主演: 三船敏郎 Toshirô Mifune / 千秋实 ...                            1950 / 日本 / 犯罪 剧情 悬疑,8.7,121734人评价
169,心迷宫,导演: 忻钰坤 Yukun Xin   主演: 霍卫民 Weimin Huo / 王笑天 Xiaotian Wang ...                            2014 / 中国大陆 / 剧情 犯罪 悬疑,8.6,155192人评价
170,一次别离,导演: 阿斯哈·法哈蒂  Asghar Farhadi   主演: 佩曼·莫阿迪 Peyman Moadi /...                            2011 / 伊朗 法国 / 剧情 家庭,8.7,129511人评价
171,超能陆战队,导演: 唐·霍尔 Don Hall / 克里斯·威廉姆斯 Chris Williams   主演: 斯科特...                            2014 / 美国 / 喜剧 动作 科幻 动画 冒险,8.6,357731人评价
172,蝙蝠侠：黑暗骑士崛起,导演: 克里斯托弗·诺兰 Christopher Nolan   主演: 克里斯蒂安·贝尔 Christ...                            2012 / 美国 英国 / 剧情 动作 科幻 犯罪 惊悚,8.5,287791人评价
173,战争之王,导演: 安德鲁·尼科尔 Andrew Niccol   主演: 尼古拉斯·凯奇 Nicolas Cage /...                            2005 / 美国 法国 / 剧情 犯罪,8.5,171352人评价
174,可可西里,导演: 陆川 Chuan Lu   主演: 多布杰 Duobujie / 张磊 Lei Zhang / 亓亮 Qi L...                            2004 / 中国大陆 香港 / 剧情 犯罪,8.7,126113人评价
175,梦之安魂曲,导演: 达伦·阿伦诺夫斯基 Darren Aronofsky   主演: 艾伦·伯斯汀 Ellen Bur...                            2000 / 美国 / 剧情,8.7,109483人评价
176,地球上的星星,导演: 阿米尔·汗 Aamir Khan   主演: 达席尔·萨法瑞 Darsheel Safary / 阿...                            2007 / 印度 / 剧情 儿童 家庭,8.8,81922人评价
177,碧海蓝天,导演: Luc Besson   主演: 让-马克·巴尔 Jean-Marc Barr / 让·雷诺 Jean Re...                            1988 / 法国 美国 意大利 / 剧情 爱情,8.7,106547人评价
178,未麻的部屋,导演: 今敏 Satoshi Kon   主演: 岩男润子 Junko Iwao / 松本梨香 Rica Matsu...                            1997 / 日本 / 动画 奇幻 惊悚,8.8,92949人评价
179,爆裂鼓手,导演: 达米安·沙泽勒 Damien Chazelle   主演: 迈尔斯·特勒 Miles Teller /...                            2014 / 美国 / 剧情 音乐,8.6,230273人评价
180,恐怖游轮,导演: 克里斯托弗·史密斯 Christopher Smith   主演: 梅利莎·乔治 Melissa ...                            2009 / 英国 澳大利亚 / 剧情 悬疑 惊悚,8.3,311982人评价
181,秒速5厘米,导演: 新海诚 Makoto Shinkai   主演: 水桥研二 Kenji Mizuhashi / 近藤好美 ...                            2007 / 日本 / 动画 剧情 爱情,8.3,287153人评价
182,谍影重重2,导演: 保罗·格林格拉斯 Paul Greengrass   主演: 马特·达蒙 Matt Damon / ...                            2004 / 美国 德国 / 动作 悬疑 惊悚,8.5,155328人评价
183,阿飞正传,导演: 王家卫 Kar Wai Wong   主演: 张国荣 Leslie Cheung / 张曼玉 Maggie C...                            1990 / 香港 / 犯罪 剧情 爱情,8.5,175921人评价
184,达拉斯买家俱乐部,导演: 让-马克·瓦雷 Jean-Marc Vallée   主演: 马修·麦康纳 Matthew McCon...                            2013 / 美国 / 剧情 传记 同性,8.6,163339人评价
185,谍影重重,导演: 道格·里曼 Doug Liman   主演: 马特·达蒙 Matt Damon / 弗兰卡·波坦...                            2002 / 美国 德国 捷克 / 动作 悬疑 惊悚,8.5,187385人评价
186,牯岭街少年杀人事件,导演: 杨德昌 Edward Yang   主演: 张震 Chen Chang / 杨静怡 Lisa Yang / 张...                            1991 / 台湾 / 剧情 犯罪,8.7,103344人评价
187,海盗电台,导演: 理查德·柯蒂斯 Richard Curtis   主演: 比尔·奈伊 Bill Nighy / 肯尼...                            2009 / 英国 德国 法国 / 剧情 喜剧 音乐,8.6,162617人评价
188,惊魂记,导演: Alfred Hitchcock   主演: Janet Leigh / Anthony Perkins / Vera Miles                            1960 / 美国 / 悬疑 惊悚 恐怖,8.8,80233人评价
189,魔女宅急便,导演: 宫崎骏 Hayao Miyazaki   主演: 高山南 / 佐久间玲 / 山口胜平                            1989 / 日本 / 动画 奇幻 冒险,8.4,188469人评价
190,被解救的姜戈,导演: 昆汀·塔伦蒂诺 Quentin Tarantino   主演: 杰米·福克斯 Jamie Foxx /...                            2012 / 美国 / 剧情 动作 西部 冒险,8.5,253035人评价
191,再次出发之纽约遇见你,导演: 约翰·卡尼 John Carney   主演: 凯拉·奈特莉 Keira Knightley / 马克...                            2013 / 美国 / 喜剧 爱情 音乐,8.5,161966人评价
192,东京物语,导演: 小津安二郎 Yasujirô Ozu   主演: 笠智众 Chishû Ryû / 原节...                            1953 / 日本 / 剧情 家庭,9.2,48920人评价
193,绿里奇迹,导演: Frank Darabont   主演: 汤姆·汉克斯 Tom Hanks / 大卫·摩斯 David M...                            1999 / 美国 / 犯罪 剧情 奇幻 悬疑,8.7,103600人评价
194,勇闯夺命岛,导演: 迈克尔·贝 Michael Bay   主演: 肖恩·康纳利 Sean Connery / 尼古拉...                            1996 / 美国 / 动作 冒险,8.5,138633人评价
195,末路狂花,导演: 雷德利·斯科特 Ridley Scott   主演: 吉娜·戴维斯 Geena Davis / 苏...                            1991 / 美国 法国 / 犯罪 剧情 惊悚,8.7,101419人评价
196,青蛇,导演: 徐克 Hark Tsui   主演: 张曼玉 Maggie Cheung / 王祖贤 Joey Wang / ...                            1993 / 香港 / 剧情 奇幻 古装,8.4,213740人评价
197,迁徙的鸟,导演: 雅克·贝汉 Jacques Perrin / 雅克·克鲁奥德 Jacques Cluzaud   主演:...                            2001 / 法国 德国 意大利 西班牙 瑞士 / 纪录片,9.1,50941人评价
198,荒野生存,导演: 西恩·潘 Sean Penn   主演: 埃米尔·赫斯基 Emile Hirsch / 马西娅·...                            2007 / 美国 / 冒险 传记 剧情,8.6,123796人评价
199,哪吒闹海,导演: 严定宪 Dingxian Yan / 王树忱 Shuchen Wang   主演: 梁正晖 Zhenghui ...                            1979 / 中国大陆 / 冒险 动画 奇幻,8.8,77294人评价
200,卡萨布兰卡,导演: Michael Curtiz   主演: 亨弗莱·鲍嘉 Humphrey Bogart / 英格丽·褒曼...                            1942 / 美国 / 剧情 爱情 战争,8.6,121271人评价
201,终结者2：审判日,导演: 詹姆斯·卡梅隆 James Cameron   主演: 阿诺·施瓦辛格 Arnold Schwarz...                            1991 / 美国 法国 / 动作 科幻,8.5,137031人评价
202,忠犬八公物语,导演: Seijirô Kôyama   主演: 山本圭 Kei Yamamoto / 井川比佐志 Hisa...                            1987 / 日本 / 剧情,9.0,55237人评价
203,这个男人来自地球,导演: 理查德·沙因克曼 Richard Schenkman   主演: 大卫·李·史密斯 David ...                            2007 / 美国 / 剧情 科幻,8.5,173416人评价
204,变脸,导演: 吴宇森 John Woo   主演: 约翰·特拉沃尔塔 John Travolta / 尼古拉斯...                            1997 / 美国 / 动作 科幻 犯罪 惊悚,8.4,208478人评价
205,源代码,导演: 邓肯·琼斯 Duncan Jones   主演: 杰克·吉伦哈尔 Jake Gyllenhaal / ...                            2011 / 美国 加拿大 / 剧情 动作 科幻 犯罪 惊悚,8.3,397978人评价
206,燕尾蝶,导演: 岩井俊二 Shunji Iwai   主演: 三上博史 / 恰拉 / 伊藤步                            1996 / 日本 / 犯罪 剧情,8.6,105882人评价
207,新龙门客栈,导演: 李惠民 Raymond Lee   主演: 张曼玉 Maggie Cheung / 林青霞 Brigitte ...                            1992 / 香港 中国大陆 / 剧情 动作 武侠 古装,8.4,177242人评价
208,英国病人,导演: 安东尼·明格拉 Anthony Minghella   主演: 拉尔夫·费因斯 Ralph Fien...                            1996 / 美国 英国 / 爱情 剧情 战争,8.4,170290人评价
209,黑客帝国3：矩阵革命,导演: Andy Wachowski / Larry Wachowski   主演: Keanu Reeves / Laurence F...                            2003 / 美国 澳大利亚 / 动作 科幻,8.5,150344人评价
210,黄金三镖客,导演: Sergio Leone   主演: Clint Eastwood / Eli Wallach / Lee Van Cleef                            1966 / 意大利 西班牙 西德 / 冒险 西部,9.1,49728人评价
211,E.T. 外星人,导演: Steven Spielberg   主演: Henry Thomas / Dee Wallace / Robert MacNa...                            1982 / 美国 / 剧情 科幻,8.5,148170人评价
212,发条橙,导演: Stanley Kubrick   主演: Malcolm McDowell / Patrick Magee / Michael...                            1971 / 英国 美国 / 犯罪 剧情 科幻,8.4,181499人评价
213,城市之光,导演: Charles Chaplin   主演: 查理·卓别林 Charles Chaplin / 弗吉尼亚·...                            1931 / 美国 / 喜剧 剧情 爱情,9.2,41988人评价
214,美国丽人,导演: 萨姆·门德斯 Sam Mendes   主演: 凯文·史派西 Kevin Spacey / 安妮特...                            1999 / 美国 / 剧情 爱情 家庭,8.4,180044人评价
215,叫我第一名,导演: 彼得·维纳 Peter Werner   主演: 詹姆斯·沃克 James Wolk / 特里特·...                            2008 / 美国 / 剧情 传记,8.6,105795人评价
216,无耻混蛋,导演: Quentin Tarantino   主演: 布拉德·皮特 Brad Pitt / 梅拉尼·罗兰 M...                            2009 / 美国 德国 / 剧情 犯罪,8.4,217203人评价
217,穆赫兰道,导演: 大卫·林奇 David Lynch   主演: 娜奥米·沃茨 Naomi Watts / 劳拉·哈...                            2001 / 法国 美国 / 剧情 悬疑 惊悚,8.3,228145人评价
218,非常嫌疑犯,导演: 布莱恩·辛格 Bryan Singer   主演: 史蒂芬·鲍德温 Stephen Baldwin /...                            1995 / 德国 美国 / 剧情 犯罪 悬疑 惊悚,8.6,112772人评价
219,初恋这件小事,导演: 普特鹏·普罗萨卡·那·萨克那卡林 Puttipong Promsaka Na Sakolnakorn / 华森·波克彭...                            2010 / 泰国 / 剧情 喜剧 爱情,8.2,444586人评价
220,模仿游戏,导演: 莫腾·泰杜姆 Morten Tyldum   主演: 本尼迪克特·康伯巴奇 Benedict C...                            2014 / 英国 美国 / 剧情 传记 战争 同性,8.5,244986人评价
221,勇士,导演: 加文·欧康诺 Gavin O'Connor   主演: 汤姆·哈迪 Tom Hardy / 乔尔·...                            2011 / 美国 / 剧情 运动 家庭,8.9,85351人评价
222,上帝也疯狂,导演: Jamie Uys   主演: Marius Weyers / Sandra Prinsloo / N!xau                            1980 / 博茨瓦纳 南非 / 喜剧,8.6,93434人评价
223,蓝色大门,导演: 易智言 Chih-yen Yee   主演: 陈柏霖 Bo-lin Chen / 桂纶镁 Lunmei Kwa...                            2002 / 台湾 法国 / 剧情 爱情 同性,8.3,267206人评价
224,爱在午夜降临前,导演: 理查德·林克莱特 Richard Linklater   主演: 伊桑·霍克 Ethan Hawke ...                            2013 / 美国 / 剧情 爱情,8.8,110756人评价
225,无敌破坏王,导演: 瑞奇·莫尔 Rich Moore   主演: 约翰·C·赖利 John C. Reilly / 萨拉...                            2012 / 美国 / 喜剧 动画 奇幻 冒险,8.6,178876人评价
226,爱·回家,导演: 李廷香 Jeong-hyang Lee   主演: 金艺芬 Eul-boon Kim / 俞承豪 Seung-...                            2002 / 韩国 / 剧情 家庭,9.0,45921人评价
227,房间,导演: 伦尼·阿伯拉罕森 Lenny Abrahamson   主演: 布丽·拉尔森 Brie Larson...                            2015 / 爱尔兰 加拿大 / 剧情 家庭,8.8,142399人评价
228,血钻,导演: 爱德华·兹威克 Edward Zwick   主演: 莱昂纳多·迪卡普里奥 Leonardo ...                            2006 / 美国 德国 / 剧情 惊悚 冒险,8.5,126031人评价
229,大卫·戈尔的一生,导演: Alan Parker   主演: 凯文·史派西 Kevin Spacey / 凯特·温丝莱特 Kat...                            2003 / 美国 德国 英国 / 剧情 犯罪 悬疑,8.6,87851人评价
230,国王的演讲,导演: 汤姆·霍珀 Tom Hooper   主演: 柯林·菲尔斯 Colin Firth / 杰弗里·...                            2010 / 英国 澳大利亚 美国 / 剧情 传记 历史,8.3,327911人评价
231,枪火,导演: 杜琪峰 Johnnie To   主演: 吴镇宇 Francis Ng / 任达华 Simon Yam / ...                            1999 / 香港 / 剧情 动作 犯罪,8.6,96250人评价
232,疯狂的石头,导演: 宁浩 Hao Ning   主演: 郭涛 Tao Guo / 刘桦 Hua Liu / 连晋 Teddy Lin                            2006 / 中国大陆 香港 / 喜剧 犯罪,8.2,300837人评价
233,头脑特工队,导演: 彼特·道格特 Pete Docter / 罗纳尔多·德尔·卡门 Ronaldo Del Carmen  &nb...                            2015 / 美国 / 喜剧 动画 冒险,8.7,212050人评价
234,麦兜故事,导演: 袁建滔 Toe Yuen   主演: 李晋纬 / 林海峰 Jan Lamb / 吴君如 Sandra Ng                            2001 / 香港 / 剧情 喜剧 动画,8.5,123786人评价
235,曾经,导演: 约翰·卡尼 John Carney   主演: 格伦·汉塞德 Glen Hansard / 玛可塔...                            2007 / 爱尔兰 / 剧情 音乐 爱情,8.3,197840人评价
236,暖暖内含光,导演: 米歇尔·冈瑞 Michel Gondry   主演: 金·凯瑞 Jim Carrey / 凯特·温...                            2004 / 美国 / 剧情 爱情 奇幻,8.4,140154人评价
237,千钧一发,导演: 安德鲁·尼科尔 Andrew Niccol   主演: 伊桑·霍克 Ethan Hawke / 乌玛...                            1997 / 美国 / 剧情 科幻,8.7,81695人评价
238,遗愿清单,导演: 罗伯·莱纳 Rob Reiner   主演: 杰克·尼科尔森 Jack Nicholson / 摩根...                            2007 / 美国 / 冒险 喜剧 剧情,8.5,122018人评价
239,荒岛余生,导演: 罗伯特·泽米吉斯 Robert Zemeckis   主演: 汤姆·汉克斯 Tom Hanks / ...                            2000 / 美国 / 冒险 剧情,8.5,128131人评价
240,蝴蝶,导演: 菲利普·穆伊尔 Philippe Muyl   主演: 米歇尔·塞罗 Michel Serrault ...                            2002 / 法国 / 剧情 儿童 喜剧,8.6,93092人评价
241,巴黎淘气帮,导演: Laurent Tirard   主演: 马克西姆·戈达尔 Maxime Godart / 瓦莱丽·勒...                            2009 / 法国 比利时 / 儿童 喜剧 家庭,8.6,102298人评价
242,与狼共舞,导演: Kevin Costner   主演: Kevin Costner / Mary McDonnell / Graham Greene                            1990 / 美国 / 冒险 剧情 西部,8.9,54553人评价
243,彗星来的那一夜,导演: 詹姆斯·沃德·布柯特 James Ward Byrkit   主演: 艾米丽·芭尔多尼 Em...                            2013 / 美国 英国 / 科幻 悬疑 惊悚,8.4,164346人评价
244,月球,导演: 邓肯·琼斯 Duncan Jones   主演: 山姆·洛克威尔 Sam Rockwell / 凯文...                            2009 / 英国 / 剧情 科幻 悬疑,8.5,138785人评价
245,步履不停,导演: 是枝裕和 Hirokazu Koreeda   主演: 阿部宽 Hiroshi Abe / 夏川结衣 Yu...                            2008 / 日本 / 剧情 家庭,8.8,63451人评价
246,我爱你,导演: 秋昌民 Chang-min Choo   主演: 宋在河 Jae-ho Song / 李顺载 Soon-jae...                            2011 / 韩国 / 剧情 爱情,9.0,53791人评价
247,偷拐抢骗,导演: 盖·里奇 Guy Ritchie   主演: 布拉德·皮特 Brad Pitt / 本尼西奥·德...                            2000 / 英国 美国 / 喜剧 犯罪,8.5,112760人评价
248,一个叫欧维的男人决定去死,导演: 汉内斯·赫尔姆 Hannes Holm   主演: 罗夫·拉斯加德 Rolf Lassgård...                            2015 / 瑞典 / 剧情,8.7,103941人评价
249,夜访吸血鬼,导演: 尼尔·乔丹 Neil Jordan   主演: 布拉德·皮特 Brad Pitt / 汤姆·克鲁...                            1994 / 美国 / 剧情 奇幻 惊悚,8.3,192190人评价
250,寿司之神,导演: 大卫·贾柏 David Gelb   主演: 小野二郎  Jiro Ono / 小野祯一 Yoshik...                            2011 / 美国 / 纪录片,8.8,79373人评价
